"mthyr","country","price","year","month"
1993-01-01,"Belgium",83.1047,1993,1
1993-01-01,"Denmark",65.1153,1993,1
1993-01-01,"France",79.966,1993,1
1993-01-01,"Greece",127.5668,1993,1
1993-01-01,"Ireland",95.4701,1993,1
1993-01-01,"Italy",84.0241,1993,1
1993-01-01,"Netherlands",73.1219,1993,1
1993-01-01,"Spain",98.0238,1993,1
1993-02-01,"Belgium",82.0966,1993,2
1993-02-01,"Denmark",65.9557,1993,2
1993-02-01,"France",81.0294,1993,2
1993-02-01,"Greece",127.6743,1993,2
1993-02-01,"Ireland",83.9661,1993,2
1993-02-01,"Italy",81.9433,1993,2
1993-02-01,"Netherlands",73.6476,1993,2
1993-02-01,"Spain",100.2312,1993,2
1993-03-01,"Belgium",77.0447,1993,3
1993-03-01,"Denmark",66.0074,1993,3
1993-03-01,"France",80.6744,1993,3
1993-03-01,"Greece",126.4005,1993,3
1993-03-01,"Ireland",83.916,1993,3
1993-03-01,"Italy",92.5384,1993,3
1993-03-01,"Netherlands",73.3382,1993,3
1993-03-01,"Spain",89.6801,1993,3
1993-04-01,"Belgium",71.3933,1993,4
1993-04-01,"Denmark",65.7361,1993,4
1993-04-01,"France",79.8537,1993,4
1993-04-01,"Greece",125.1145,1993,4
1993-04-01,"Ireland",82.5726,1993,4
1993-04-01,"Italy",99.0582,1993,4
1993-04-01,"Netherlands",73.0809,1993,4
1993-04-01,"Spain",79.3424,1993,4
1993-05-01,"Belgium",80.8621,1993,5
1993-05-01,"Denmark",65.5045,1993,5
1993-05-01,"France",79.658,1993,5
1993-05-01,"Greece",124.9806,1993,5
1993-05-01,"Ireland",82.2493,1993,5
1993-05-01,"Italy",102.1266,1993,5
1993-05-01,"Netherlands",72.503,1993,5
1993-05-01,"Spain",78.5194,1993,5
1993-06-01,"Belgium",87.6236,1993,6
1993-06-01,"Denmark",65.6769,1993,6
1993-06-01,"France",79.5689,1993,6
1993-06-01,"Greece",124.9842,1993,6
1993-06-01,"Ireland",82.1312,1993,6
1993-06-01,"Italy",107.3348,1993,6
1993-06-01,"Netherlands",72.0083,1993,6
1993-06-01,"Spain",75.8919,1993,6
1993-07-01,"Belgium",84.3799,1993,7
1993-07-01,"Denmark",65.1087,1993,7
1993-07-01,"France",78.4077,1993,7
1993-07-01,"Greece",125.9538,1993,7
1993-07-01,"Ireland",81.928,1993,7
1993-07-01,"Italy",114.3264,1993,7
1993-07-01,"Netherlands",72.4721,1993,7
1993-07-01,"Spain",79.7357,1993,7
1993-08-01,"Belgium",80.1103,1993,8
1993-08-01,"Denmark",62.2963,1993,8
1993-08-01,"France",77.1995,1993,8
1993-08-01,"Greece",127.4483,1993,8
1993-08-01,"Ireland",81.1258,1993,8
1993-08-01,"Italy",114.133,1993,8
1993-08-01,"Netherlands",73.5585,1993,8
1993-08-01,"Spain",86.5298,1993,8
1993-09-01,"Belgium",80.3804,1993,9
1993-09-01,"Denmark",61.7899,1993,9
1993-09-01,"France",77.2803,1993,9
1993-09-01,"Greece",125.1521,1993,9
1993-09-01,"Ireland",78.5441,1993,9
1993-09-01,"Italy",113.5168,1993,9
1993-09-01,"Netherlands",74.0602,1993,9
1993-09-01,"Spain",104.3348,1993,9
1993-10-01,"Belgium",73.5193,1993,10
1993-10-01,"Denmark",62.7524,1993,10
1993-10-01,"France",77.1283,1993,10
1993-10-01,"Greece",124.8433,1993,10
1993-10-01,"Ireland",79.3501,1993,10
1993-10-01,"Italy",111.0487,1993,10
1993-10-01,"Netherlands",73.2693,1993,10
1993-10-01,"Spain",103.3694,1993,10
1993-11-01,"Belgium",77.9683,1993,11
1993-11-01,"Denmark",63.3558,1993,11
1993-11-01,"France",77.2126,1993,11
1993-11-01,"Greece",126.502,1993,11
1993-11-01,"Ireland",80.1889,1993,11
1993-11-01,"Italy",109.8741,1993,11
1993-11-01,"Netherlands",72.8799,1993,11
1993-11-01,"Spain",90.5905,1993,11
1993-12-01,"Belgium",78.1355,1993,12
1993-12-01,"Denmark",63.9525,1993,12
1993-12-01,"France",77.7037,1993,12
1993-12-01,"Greece",125.6951,1993,12
1993-12-01,"Ireland",81.0284,1993,12
1993-12-01,"Italy",109.6091,1993,12
1993-12-01,"Netherlands",71.662,1993,12
1993-12-01,"Spain",95.3123,1993,12
1994-01-01,"Belgium",82.7097,1994,1
1994-01-01,"Denmark",64.1764,1994,1
1994-01-01,"France",71.0331,1994,1
1994-01-01,"Greece",119.1569,1994,1
1994-01-01,"Ireland",82.9618,1994,1
1994-01-01,"Italy",101.3908,1994,1
1994-01-01,"Netherlands",71.298,1994,1
1994-01-01,"Spain",89.0502,1994,1
1994-02-01,"Belgium",86.575,1994,2
1994-02-01,"Denmark",64.469,1994,2
1994-02-01,"France",70.8057,1994,2
1994-02-01,"Greece",118.6282,1994,2
1994-02-01,"Ireland",82.0309,1994,2
1994-02-01,"Italy",91.8839,1994,2
1994-02-01,"Netherlands",70.7583,1994,2
1994-02-01,"Spain",97.9483,1994,2
1994-03-01,"Belgium",90.4567,1994,3
1994-03-01,"Denmark",64.6181,1994,3
1994-03-01,"France",71.3665,1994,3
1994-03-01,"Greece",117.5244,1994,3
1994-03-01,"Ireland",80.3185,1994,3
1994-03-01,"Italy",94.244,1994,3
1994-03-01,"Netherlands",71.4229,1994,3
1994-03-01,"Spain",90.931,1994,3
1994-04-01,"Belgium",84.429,1994,4
1994-04-01,"Denmark",64.4606,1994,4
1994-04-01,"France",71.0726,1994,4
1994-04-01,"Greece",116.3601,1994,4
1994-04-01,"Ireland",81.6384,1994,4
1994-04-01,"Italy",80.7752,1994,4
1994-04-01,"Netherlands",71.8064,1994,4
1994-04-01,"Spain",84.4142,1994,4
1994-05-01,"Belgium",88.0721,1994,5
1994-05-01,"Denmark",64.6943,1994,5
1994-05-01,"France",70.548,1994,5
1994-05-01,"Greece",117.9715,1994,5
1994-05-01,"Ireland",79.7454,1994,5
1994-05-01,"Italy",84.0653,1994,5
1994-05-01,"Netherlands",72.458,1994,5
1994-05-01,"Spain",91.1891,1994,5
1994-06-01,"Belgium",95.2317,1994,6
1994-06-01,"Denmark",64.699,1994,6
1994-06-01,"France",70.8573,1994,6
1994-06-01,"Greece",117.9251,1994,6
1994-06-01,"Ireland",81.3198,1994,6
1994-06-01,"Italy",96.0199,1994,6
1994-06-01,"Netherlands",73.1091,1994,6
1994-06-01,"Spain",80.1237,1994,6
1994-07-01,"Belgium",88.2317,1994,7
1994-07-01,"Denmark",64.6236,1994,7
1994-07-01,"France",71.5437,1994,7
1994-07-01,"Greece",117.6009,1994,7
1994-07-01,"Ireland",79.828,1994,7
1994-07-01,"Italy",96.719,1994,7
1994-07-01,"Netherlands",74.3665,1994,7
1994-07-01,"Spain",99.7587,1994,7
1994-08-01,"Belgium",91.3013,1994,8
1994-08-01,"Denmark",62.3826,1994,8
1994-08-01,"France",71.2719,1994,8
1994-08-01,"Greece",118.3096,1994,8
1994-08-01,"Ireland",79.5237,1994,8
1994-08-01,"Italy",108.9449,1994,8
1994-08-01,"Netherlands",74.4636,1994,8
1994-08-01,"Spain",111.4519,1994,8
1994-09-01,"Belgium",88.1061,1994,9
1994-09-01,"Denmark",62.0975,1994,9
1994-09-01,"France",70.2881,1994,9
1994-09-01,"Greece",120.0309,1994,9
1994-09-01,"Ireland",79.7935,1994,9
1994-09-01,"Italy",114.6208,1994,9
1994-09-01,"Netherlands",74.4763,1994,9
1994-09-01,"Spain",99.5227,1994,9
1994-10-01,"Belgium",74.7969,1994,10
1994-10-01,"Denmark",62.5163,1994,10
1994-10-01,"France",70.2434,1994,10
1994-10-01,"Greece",120.4379,1994,10
1994-10-01,"Ireland",78.2765,1994,10
1994-10-01,"Italy",108.6532,1994,10
1994-10-01,"Netherlands",74.5107,1994,10
1994-10-01,"Spain",76.6446,1994,10
1994-11-01,"Belgium",64.4908,1994,11
1994-11-01,"Denmark",62.5974,1994,11
1994-11-01,"France",69.4027,1994,11
1994-11-01,"Greece",119.3402,1994,11
1994-11-01,"Ireland",78.4608,1994,11
1994-11-01,"Italy",107.01,1994,11
1994-11-01,"Netherlands",74.5727,1994,11
1994-11-01,"Spain",72.3699,1994,11
1994-12-01,"Belgium",58.5328,1994,12
1994-12-01,"Denmark",62.6039,1994,12
1994-12-01,"France",69.0959,1994,12
1994-12-01,"Greece",121.3925,1994,12
1994-12-01,"Ireland",78.8056,1994,12
1994-12-01,"Italy",90.6075,1994,12
1994-12-01,"Netherlands",73.3603,1994,12
1994-12-01,"Spain",75.4722,1994,12
1995-01-01,"Belgium",69.9135,1995,1
1995-01-01,"Denmark",65.9511,1995,1
1995-01-01,"France",69.844,1995,1
1995-01-01,"Greece",120.8658,1995,1
1995-01-01,"Ireland",78.0961,1995,1
1995-01-01,"Italy",72.012,1995,1
1995-01-01,"Netherlands",71.7878,1995,1
1995-01-01,"Spain",56.0605,1995,1
1995-02-01,"Belgium",72.9305,1995,2
1995-02-01,"Denmark",66.2095,1995,2
1995-02-01,"France",69.664,1995,2
1995-02-01,"Greece",119.5646,1995,2
1995-02-01,"Ireland",77.8752,1995,2
1995-02-01,"Italy",74.501,1995,2
1995-02-01,"Netherlands",72.2101,1995,2
1995-02-01,"Spain",64.8278,1995,2
1995-03-01,"Belgium",68.5105,1995,3
1995-03-01,"Denmark",64.8341,1995,3
1995-03-01,"France",69.8079,1995,3
1995-03-01,"Greece",117.6055,1995,3
1995-03-01,"Ireland",76.0949,1995,3
1995-03-01,"Italy",71.07,1995,3
1995-03-01,"Netherlands",71.7221,1995,3
1995-03-01,"Spain",76.9367,1995,3
1995-04-01,"Belgium",59.0686,1995,4
1995-04-01,"Denmark",65.6657,1995,4
1995-04-01,"France",70.4316,1995,4
1995-04-01,"Greece",117.6588,1995,4
1995-04-01,"Ireland",75.9587,1995,4
1995-04-01,"Italy",75.7226,1995,4
1995-04-01,"Netherlands",70.3906,1995,4
1995-04-01,"Spain",69.6065,1995,4
1995-05-01,"Belgium",59.8161,1995,5
1995-05-01,"Denmark",63.0269,1995,5
1995-05-01,"France",69.3649,1995,5
1995-05-01,"Greece",117.6234,1995,5
1995-05-01,"Ireland",76.8655,1995,5
1995-05-01,"Italy",73.3047,1995,5
1995-05-01,"Netherlands",68.6625,1995,5
1995-05-01,"Spain",66.4783,1995,5
1995-06-01,"Belgium",84.2041,1995,6
1995-06-01,"Denmark",63.0634,1995,6
1995-06-01,"France",69.4684,1995,6
1995-06-01,"Greece",118.3275,1995,6
1995-06-01,"Ireland",76.7993,1995,6
1995-06-01,"Italy",74.773,1995,6
1995-06-01,"Netherlands",67.5691,1995,6
1995-06-01,"Spain",70.176,1995,6
1995-07-01,"Belgium",82.0151,1995,7
1995-07-01,"Denmark",63.0862,1995,7
1995-07-01,"France",70.034,1995,7
1995-07-01,"Greece",117.8262,1995,7
1995-07-01,"Ireland",76.4934,1995,7
1995-07-01,"Italy",82.5737,1995,7
1995-07-01,"Netherlands",66.4286,1995,7
1995-07-01,"Spain",71.7456,1995,7
1995-08-01,"Belgium",93.4521,1995,8
1995-08-01,"Denmark",62.8356,1995,8
1995-08-01,"France",69.8286,1995,8
1995-08-01,"Greece",119.3412,1995,8
1995-08-01,"Ireland",76.9205,1995,8
1995-08-01,"Italy",97.8934,1995,8
1995-08-01,"Netherlands",65.875,1995,8
1995-08-01,"Spain",89.804,1995,8
1995-09-01,"Belgium",91.5862,1995,9
1995-09-01,"Denmark",62.8231,1995,9
1995-09-01,"France",69.1267,1995,9
1995-09-01,"Greece",119.2707,1995,9
1995-09-01,"Ireland",77.1225,1995,9
1995-09-01,"Italy",93.5968,1995,9
1995-09-01,"Netherlands",67.2757,1995,9
1995-09-01,"Spain",85.139,1995,9
1995-10-01,"Belgium",80.568,1995,10
1995-10-01,"Denmark",63.2,1995,10
1995-10-01,"France",68.8238,1995,10
1995-10-01,"Greece",118.5479,1995,10
1995-10-01,"Ireland",76.2346,1995,10
1995-10-01,"Italy",76.1543,1995,10
1995-10-01,"Netherlands",68.2637,1995,10
1995-10-01,"Spain",80.1424,1995,10
1995-11-01,"Belgium",72.0983,1995,11
1995-11-01,"Denmark",63.1477,1995,11
1995-11-01,"France",69.0484,1995,11
1995-11-01,"Greece",116.5069,1995,11
1995-11-01,"Ireland",75.9959,1995,11
1995-11-01,"Italy",76.2651,1995,11
1995-11-01,"Netherlands",68.0748,1995,11
1995-11-01,"Spain",87.3385,1995,11
1995-12-01,"Belgium",69.2404,1995,12
1995-12-01,"Denmark",63.0385,1995,12
1995-12-01,"France",69.2027,1995,12
1995-12-01,"Greece",117.5034,1995,12
1995-12-01,"Ireland",76.5219,1995,12
1995-12-01,"Italy",76.4336,1995,12
1995-12-01,"Netherlands",67.9438,1995,12
1995-12-01,"Spain",79.3907,1995,12
1996-01-01,"Belgium",70.6229,1996,1
1996-01-01,"Denmark",62.863,1996,1
1996-01-01,"France",69.2947,1996,1
1996-01-01,"Greece",115.585,1996,1
1996-01-01,"Ireland",77.6187,1996,1
1996-01-01,"Italy",79.1073,1996,1
1996-01-01,"Netherlands",67.1797,1996,1
1996-01-01,"Spain",78.073,1996,1
1996-02-01,"Belgium",76.5985,1996,2
1996-02-01,"Denmark",62.8258,1996,2
1996-02-01,"France",69.1609,1996,2
1996-02-01,"Greece",115.2287,1996,2
1996-02-01,"Ireland",78.0083,1996,2
1996-02-01,"Italy",86.4312,1996,2
1996-02-01,"Netherlands",67.1434,1996,2
1996-02-01,"Spain",83.539,1996,2
1996-03-01,"Belgium",84.4928,1996,3
1996-03-01,"Denmark",60.8452,1996,3
1996-03-01,"France",69.5419,1996,3
1996-03-01,"Greece",116.298,1996,3
1996-03-01,"Ireland",78.1836,1996,3
1996-03-01,"Italy",97.9532,1996,3
1996-03-01,"Netherlands",67.4762,1996,3
1996-03-01,"Spain",77.8483,1996,3
1996-04-01,"Belgium",91.4244,1996,4
1996-04-01,"Denmark",61.6839,1996,4
1996-04-01,"France",70.7107,1996,4
1996-04-01,"Greece",117.2409,1996,4
1996-04-01,"Ireland",78.879,1996,4
1996-04-01,"Italy",129.6801,1996,4
1996-04-01,"Netherlands",68.5947,1996,4
1996-04-01,"Spain",92.584,1996,4
1996-05-01,"Belgium",81.9439,1996,5
1996-05-01,"Denmark",61.6589,1996,5
1996-05-01,"France",71.5826,1996,5
1996-05-01,"Greece",118.761,1996,5
1996-05-01,"Ireland",79.9529,1996,5
1996-05-01,"Italy",121.6932,1996,5
1996-05-01,"Netherlands",68.7783,1996,5
1996-05-01,"Spain",103.9996,1996,5
1996-06-01,"Belgium",97.1678,1996,6
1996-06-01,"Denmark",61.6611,1996,6
1996-06-01,"France",72.6334,1996,6
1996-06-01,"Greece",120.0748,1996,6
1996-06-01,"Ireland",80.5754,1996,6
1996-06-01,"Italy",108.9187,1996,6
1996-06-01,"Netherlands",70.4437,1996,6
1996-06-01,"Spain",93.0527,1996,6
1996-07-01,"Belgium",93.2364,1996,7
1996-07-01,"Denmark",63.1139,1996,7
1996-07-01,"France",73.2653,1996,7
1996-07-01,"Greece",125.6272,1996,7
1996-07-01,"Ireland",80.6236,1996,7
1996-07-01,"Italy",101.8206,1996,7
1996-07-01,"Netherlands",71.8123,1996,7
1996-07-01,"Spain",90.1843,1996,7
1996-08-01,"Belgium",100.7772,1996,8
1996-08-01,"Denmark",63.5045,1996,8
1996-08-01,"France",73.008,1996,8
1996-08-01,"Greece",120.8165,1996,8
1996-08-01,"Ireland",80.2114,1996,8
1996-08-01,"Italy",88.4865,1996,8
1996-08-01,"Netherlands",74.0459,1996,8
1996-08-01,"Spain",97.1183,1996,8
1996-09-01,"Belgium",86.0948,1996,9
1996-09-01,"Denmark",65.7527,1996,9
1996-09-01,"France",72.758,1996,9
1996-09-01,"Greece",120.4714,1996,9
1996-09-01,"Ireland",80.8822,1996,9
1996-09-01,"Italy",91.757,1996,9
1996-09-01,"Netherlands",74.2115,1996,9
1996-09-01,"Spain",95.3969,1996,9
1996-10-01,"Belgium",80.2871,1996,10
1996-10-01,"Denmark",65.7885,1996,10
1996-10-01,"France",72.6674,1996,10
1996-10-01,"Greece",121.5207,1996,10
1996-10-01,"Ireland",81.2851,1996,10
1996-10-01,"Italy",87.089,1996,10
1996-10-01,"Netherlands",74.1723,1996,10
1996-10-01,"Spain",90.6745,1996,10
1996-11-01,"Belgium",68.828,1996,11
1996-11-01,"Denmark",65.9572,1996,11
1996-11-01,"France",72.1142,1996,11
1996-11-01,"Greece",121.3458,1996,11
1996-11-01,"Ireland",83.5726,1996,11
1996-11-01,"Italy",98.0505,1996,11
1996-11-01,"Netherlands",73.8965,1996,11
1996-11-01,"Spain",95.5455,1996,11
1996-12-01,"Belgium",68.7754,1996,12
1996-12-01,"Denmark",65.9903,1996,12
1996-12-01,"France",71.7121,1996,12
1996-12-01,"Greece",119.8169,1996,12
1996-12-01,"Ireland",85.3828,1996,12
1996-12-01,"Italy",100.206,1996,12
1996-12-01,"Netherlands",73.0394,1996,12
1996-12-01,"Spain",89.3621,1996,12
1997-01-01,"Belgium",80.8627,1997,1
1997-01-01,"Denmark",65.898,1997,1
1997-01-01,"France",71.5227,1997,1
1997-01-01,"Greece",121.274,1997,1
1997-01-01,"Ireland",86.4881,1997,1
1997-01-01,"Italy",92.0256,1997,1
1997-01-01,"Netherlands",72.4384,1997,1
1997-01-01,"Spain",83.6534,1997,1
1997-02-01,"Belgium",88.7394,1997,2
1997-02-01,"Denmark",65.803,1997,2
1997-02-01,"France",71.4558,1997,2
1997-02-01,"Greece",120.2794,1997,2
1997-02-01,"Ireland",87.5924,1997,2
1997-02-01,"Italy",82.9661,1997,2
1997-02-01,"Netherlands",71.8863,1997,2
1997-02-01,"Spain",85.9166,1997,2
1997-03-01,"Belgium",89.1549,1997,3
1997-03-01,"Denmark",66.5256,1997,3
1997-03-01,"France",71.8954,1997,3
1997-03-01,"Greece",120.3004,1997,3
1997-03-01,"Ireland",87.5084,1997,3
1997-03-01,"Italy",89.342,1997,3
1997-03-01,"Netherlands",72.6784,1997,3
1997-03-01,"Spain",80.9622,1997,3
1997-04-01,"Belgium",75.4708,1997,4
1997-04-01,"Denmark",67.0122,1997,4
1997-04-01,"France",72.3322,1997,4
1997-04-01,"Greece",119.2551,1997,4
1997-04-01,"Ireland",87.174,1997,4
1997-04-01,"Italy",83.9915,1997,4
1997-04-01,"Netherlands",72.8534,1997,4
1997-04-01,"Spain",81.2172,1997,4
1997-05-01,"Belgium",81.3906,1997,5
1997-05-01,"Denmark",67.0808,1997,5
1997-05-01,"France",72.8596,1997,5
1997-05-01,"Greece",117.6066,1997,5
1997-05-01,"Ireland",84.7503,1997,5
1997-05-01,"Italy",95.786,1997,5
1997-05-01,"Netherlands",73.3304,1997,5
1997-05-01,"Spain",82.1768,1997,5
1997-06-01,"Belgium",92.2449,1997,6
1997-06-01,"Denmark",66.8852,1997,6
1997-06-01,"France",73.331,1997,6
1997-06-01,"Greece",118.086,1997,6
1997-06-01,"Ireland",85.0597,1997,6
1997-06-01,"Italy",93.104,1997,6
1997-06-01,"Netherlands",73.5112,1997,6
1997-06-01,"Spain",76.1875,1997,6
1997-07-01,"Belgium",78.5828,1997,7
1997-07-01,"Denmark",66.3441,1997,7
1997-07-01,"France",72.7996,1997,7
1997-07-01,"Greece",119.0076,1997,7
1997-07-01,"Ireland",86.9183,1997,7
1997-07-01,"Italy",109.313,1997,7
1997-07-01,"Netherlands",73.2973,1997,7
1997-07-01,"Spain",80.8493,1997,7
1997-08-01,"Belgium",85.8464,1997,8
1997-08-01,"Denmark",66.4727,1997,8
1997-08-01,"France",72.5627,1997,8
1997-08-01,"Greece",119.4851,1997,8
1997-08-01,"Ireland",86.2076,1997,8
1997-08-01,"Italy",107.9292,1997,8
1997-08-01,"Netherlands",73.8597,1997,8
1997-08-01,"Spain",91.3331,1997,8
1997-09-01,"Belgium",84.9323,1997,9
1997-09-01,"Denmark",66.7337,1997,9
1997-09-01,"France",72.7299,1997,9
1997-09-01,"Greece",120.6782,1997,9
1997-09-01,"Ireland",87.0249,1997,9
1997-09-01,"Italy",105.7055,1997,9
1997-09-01,"Netherlands",74.1148,1997,9
1997-09-01,"Spain",96.9854,1997,9
1997-10-01,"Belgium",75.1428,1997,10
1997-10-01,"Denmark",66.7363,1997,10
1997-10-01,"France",72.3676,1997,10
1997-10-01,"Greece",120.5083,1997,10
1997-10-01,"Ireland",84.8447,1997,10
1997-10-01,"Italy",100.6283,1997,10
1997-10-01,"Netherlands",73.6663,1997,10
1997-10-01,"Spain",84.4795,1997,10
1997-11-01,"Belgium",71.2354,1997,11
1997-11-01,"Denmark",66.5567,1997,11
1997-11-01,"France",72.1145,1997,11
1997-11-01,"Greece",121.6739,1997,11
1997-11-01,"Ireland",85.352,1997,11
1997-11-01,"Italy",88.0963,1997,11
1997-11-01,"Netherlands",72.142,1997,11
1997-11-01,"Spain",78.4852,1997,11
1997-12-01,"Belgium",64.5174,1997,12
1997-12-01,"Denmark",66.4358,1997,12
1997-12-01,"France",71.9535,1997,12
1997-12-01,"Greece",121.7579,1997,12
1997-12-01,"Ireland",84.7719,1997,12
1997-12-01,"Italy",93.1136,1997,12
1997-12-01,"Netherlands",71.2249,1997,12
1997-12-01,"Spain",76.3829,1997,12
1998-01-01,"Belgium",70.241,1998,1
1998-01-01,"Denmark",64.7131,1998,1
1998-01-01,"France",71.8925,1998,1
1998-01-01,"Greece",121.9564,1998,1
1998-01-01,"Ireland",81.6718,1998,1
1998-01-01,"Italy",80.0394,1998,1
1998-01-01,"Netherlands",70.061,1998,1
1998-01-01,"Spain",75.4446,1998,1
1998-02-01,"Belgium",76.6642,1998,2
1998-02-01,"Denmark",64.6958,1998,2
1998-02-01,"France",71.5935,1998,2
1998-02-01,"Greece",120.9678,1998,2
1998-02-01,"Ireland",81.2303,1998,2
1998-02-01,"Italy",75.3696,1998,2
1998-02-01,"Netherlands",69.1738,1998,2
1998-02-01,"Spain",77.8034,1998,2
1998-03-01,"Belgium",76.2051,1998,3
1998-03-01,"Denmark",64.5194,1998,3
1998-03-01,"France",71.3586,1998,3
1998-03-01,"Greece",113.9696,1998,3
1998-03-01,"Ireland",81.0767,1998,3
1998-03-01,"Italy",80.0849,1998,3
1998-03-01,"Netherlands",67.655,1998,3
1998-03-01,"Spain",76.1176,1998,3
1998-04-01,"Belgium",71.727,1998,4
1998-04-01,"Denmark",65.9721,1998,4
1998-04-01,"France",71.3287,1998,4
1998-04-01,"Greece",110.8918,1998,4
1998-04-01,"Ireland",81.8141,1998,4
1998-04-01,"Italy",85.5899,1998,4
1998-04-01,"Netherlands",67.2953,1998,4
1998-04-01,"Spain",72.474,1998,4
1998-05-01,"Belgium",69.5752,1998,5
1998-05-01,"Denmark",66.2638,1998,5
1998-05-01,"France",70.8896,1998,5
1998-05-01,"Greece",112.0525,1998,5
1998-05-01,"Ireland",82.1699,1998,5
1998-05-01,"Italy",85.8694,1998,5
1998-05-01,"Netherlands",67.1746,1998,5
1998-05-01,"Spain",71.9535,1998,5
1998-06-01,"Belgium",77.3816,1998,6
1998-06-01,"Denmark",65.0552,1998,6
1998-06-01,"France",72.331,1998,6
1998-06-01,"Greece",113.6733,1998,6
1998-06-01,"Ireland",82.0499,1998,6
1998-06-01,"Italy",88.2696,1998,6
1998-06-01,"Netherlands",66.9829,1998,6
1998-06-01,"Spain",83.3607,1998,6
1998-07-01,"Belgium",84.0468,1998,7
1998-07-01,"Denmark",65.0357,1998,7
1998-07-01,"France",69.0528,1998,7
1998-07-01,"Greece",116.1528,1998,7
1998-07-01,"Ireland",81.9187,1998,7
1998-07-01,"Italy",86.8959,1998,7
1998-07-01,"Netherlands",66.083,1998,7
1998-07-01,"Spain",87.6849,1998,7
1998-08-01,"Belgium",86.1622,1998,8
1998-08-01,"Denmark",64.6406,1998,8
1998-08-01,"France",68.914,1998,8
1998-08-01,"Greece",114.1286,1998,8
1998-08-01,"Ireland",81.8854,1998,8
1998-08-01,"Italy",102.7521,1998,8
1998-08-01,"Netherlands",66.6239,1998,8
1998-08-01,"Spain",90.55,1998,8
1998-09-01,"Belgium",74.3006,1998,9
1998-09-01,"Denmark",62.84,1998,9
1998-09-01,"France",67.184,1998,9
1998-09-01,"Greece",112.2745,1998,9
1998-09-01,"Ireland",74.6063,1998,9
1998-09-01,"Italy",109.2669,1998,9
1998-09-01,"Netherlands",66.8088,1998,9
1998-09-01,"Spain",94.6637,1998,9
1998-10-01,"Belgium",58.5496,1998,10
1998-10-01,"Denmark",63.0485,1998,10
1998-10-01,"France",66.5317,1998,10
1998-10-01,"Greece",113.3659,1998,10
1998-10-01,"Ireland",74.1985,1998,10
1998-10-01,"Italy",97.7026,1998,10
1998-10-01,"Netherlands",66.1799,1998,10
1998-10-01,"Spain",79.1122,1998,10
1998-11-01,"Belgium",49.8413,1998,11
1998-11-01,"Denmark",58.9737,1998,11
1998-11-01,"France",65.4357,1998,11
1998-11-01,"Greece",117.0971,1998,11
1998-11-01,"Ireland",73.9181,1998,11
1998-11-01,"Italy",86.2004,1998,11
1998-11-01,"Netherlands",64.3243,1998,11
1998-11-01,"Spain",72.5245,1998,11
1998-12-01,"Belgium",60.1891,1998,12
1998-12-01,"Denmark",58.9524,1998,12
1998-12-01,"France",65.2514,1998,12
1998-12-01,"Greece",116.7676,1998,12
1998-12-01,"Ireland",72.3255,1998,12
1998-12-01,"Italy",84.9311,1998,12
1998-12-01,"Netherlands",61.6542,1998,12
1998-12-01,"Spain",71.575,1998,12
1999-01-01,"Belgium",73.7483,1999,1
1999-01-01,"Denmark",58.9959,1999,1
1999-01-01,"France",64.8671,1999,1
1999-01-01,"Greece",117.898,1999,1
1999-01-01,"Ireland",72.7941,1999,1
1999-01-01,"Italy",92.8414,1999,1
1999-01-01,"Netherlands",60.3528,1999,1
1999-01-01,"Spain",66.8386,1999,1
1999-02-01,"Belgium",67.551,1999,2
1999-02-01,"Denmark",59.0435,1999,2
1999-02-01,"France",64.2115,1999,2
1999-02-01,"Greece",118.7081,1999,2
1999-02-01,"Ireland",72.3751,1999,2
1999-02-01,"Italy",96.9958,1999,2
1999-02-01,"Netherlands",60.3528,1999,2
1999-02-01,"Spain",75.409,1999,2
1999-03-01,"Belgium",63.7086,1999,3
1999-03-01,"Denmark",59.0649,1999,3
1999-03-01,"France",63.8609,1999,3
1999-03-01,"Greece",118.4176,1999,3
1999-03-01,"Ireland",73.2258,1999,3
1999-03-01,"Italy",97.9631,1999,3
1999-03-01,"Netherlands",59.899,1999,3
1999-03-01,"Spain",73.4377,1999,3
1999-04-01,"Belgium",52.6774,1999,4
1999-04-01,"Denmark",59.0633,1999,4
1999-04-01,"France",63.4035,1999,4
1999-04-01,"Greece",117.5571,1999,4
1999-04-01,"Ireland",73.2258,1999,4
1999-04-01,"Italy",88.7686,1999,4
1999-04-01,"Netherlands",59.4452,1999,4
1999-04-01,"Spain",63.1664,1999,4
1999-05-01,"Belgium",58.8747,1999,5
1999-05-01,"Denmark",59.0586,1999,5
1999-05-01,"France",63.4188,1999,5
1999-05-01,"Greece",117.4957,1999,5
1999-05-01,"Ireland",73.2258,1999,5
1999-05-01,"Italy",77.8915,1999,5
1999-05-01,"Netherlands",58.5376,1999,5
1999-05-01,"Spain",66.4239,1999,5
1999-06-01,"Belgium",44.9431,1999,6
1999-06-01,"Denmark",58.9391,1999,6
1999-06-01,"France",63.7389,1999,6
1999-06-01,"Greece",117.092,1999,6
1999-06-01,"Ireland",73.2258,1999,6
1999-06-01,"Italy",69.1613,1999,6
1999-06-01,"Netherlands",57.6301,1999,6
1999-06-01,"Spain",62.1266,1999,6
1999-07-01,"Belgium",42.4642,1999,7
1999-07-01,"Denmark",57.6706,1999,7
1999-07-01,"France",63.0682,1999,7
1999-07-01,"Greece",116.588,1999,7
1999-07-01,"Ireland",73.2258,1999,7
1999-07-01,"Italy",64.8143,1999,7
1999-07-01,"Netherlands",57.1763,1999,7
1999-07-01,"Spain",58.2621,1999,7
1999-08-01,"Belgium",67.551,1999,8
1999-08-01,"Denmark",57.0076,1999,8
1999-08-01,"France",62.5498,1999,8
1999-08-01,"Greece",115.8287,1999,8
1999-08-01,"Ireland",73.2258,1999,8
1999-08-01,"Italy",89.518,1999,8
1999-08-01,"Netherlands",57.1763,1999,8
1999-08-01,"Spain",63.6953,1999,8
1999-09-01,"Belgium",69.1623,1999,9
1999-09-01,"Denmark",56.3649,1999,9
1999-09-01,"France",62.7633,1999,9
1999-09-01,"Greece",115.5014,1999,9
1999-09-01,"Ireland",73.2258,1999,9
1999-09-01,"Italy",90.8603,1999,9
1999-09-01,"Netherlands",57.1763,1999,9
1999-09-01,"Spain",79.3937,1999,9
1999-10-01,"Belgium",61.9734,1999,10
1999-10-01,"Denmark",56.3672,1999,10
1999-10-01,"France",62.5193,1999,10
1999-10-01,"Greece",115.4379,1999,10
1999-10-01,"Ireland",73.2258,1999,10
1999-10-01,"Italy",89.8428,1999,10
1999-10-01,"Netherlands",57.1763,1999,10
1999-10-01,"Spain",63.4909,1999,10
1999-11-01,"Belgium",48.3392,1999,11
1999-11-01,"Denmark",56.343,1999,11
1999-11-01,"France",62.748,1999,11
1999-11-01,"Greece",114.8115,1999,11
1999-11-01,"Ireland",73.2258,1999,11
1999-11-01,"Italy",82.9378,1999,11
1999-11-01,"Netherlands",57.1763,1999,11
1999-11-01,"Spain",66.8386,1999,11
1999-12-01,"Belgium",49.3308,1999,12
1999-12-01,"Denmark",56.3149,1999,12
1999-12-01,"France",62.7938,1999,12
1999-12-01,"Greece",114.4155,1999,12
1999-12-01,"Ireland",73.2258,1999,12
1999-12-01,"Italy",75.3516,1999,12
1999-12-01,"Netherlands",56.2687,1999,12
1999-12-01,"Spain",66.6402,1999,12
2000-01-01,"Belgium",64.4523,2000,1
2000-01-01,"Denmark",56.2877,2000,1
2000-01-01,"France",63.5255,2000,1
2000-01-01,"Greece",112.0237,2000,1
2000-01-01,"Ireland",73.2258,2000,1
2000-01-01,"Italy",NA,2000,1
2000-01-01,"Netherlands",55.815,2000,1
2000-01-01,"Spain",73.4497,2000,1
2000-02-01,"Belgium",68.1707,2000,2
2000-02-01,"Denmark",56.2771,2000,2
2000-02-01,"France",63.8456,2000,2
2000-02-01,"Greece",111.5205,2000,2
2000-02-01,"Ireland",73.2258,2000,2
2000-02-01,"Italy",NA,2000,2
2000-02-01,"Netherlands",56.2687,2000,2
2000-02-01,"Spain",85.1394,2000,2
2000-03-01,"Belgium",67.427,2000,3
2000-03-01,"Denmark",56.262,2000,3
2000-03-01,"France",64.3335,2000,3
2000-03-01,"Greece",111.7008,2000,3
2000-03-01,"Ireland",73.2258,2000,3
2000-03-01,"Italy",NA,2000,3
2000-03-01,"Netherlands",56.7225,2000,3
2000-03-01,"Spain",93.4333,2000,3
2000-04-01,"Belgium",63.2128,2000,4
2000-04-01,"Denmark",56.2378,2000,4
2000-04-01,"France",64.7756,2000,4
2000-04-01,"Greece",112.4572,2000,4
2000-04-01,"Ireland",73.2258,2000,4
2000-04-01,"Italy",NA,2000,4
2000-04-01,"Netherlands",58.0839,2000,4
2000-04-01,"Spain",91.5702,2000,4
2000-05-01,"Belgium",67.427,2000,5
2000-05-01,"Denmark",56.5911,2000,5
2000-05-01,"France",65.2939,2000,5
2000-05-01,"Greece",111.776,2000,5
2000-05-01,"Ireland",72.7941,2000,5
2000-05-01,"Italy",NA,2000,5
2000-05-01,"Netherlands",58.9914,2000,5
2000-05-01,"Spain",80.0728,2000,5
2000-06-01,"Belgium",75.6075,2000,6
2000-06-01,"Denmark",56.5631,2000,6
2000-06-01,"France",65.4006,2000,6
2000-06-01,"Greece",111.3369,2000,6
2000-06-01,"Ireland",73.2258,2000,6
2000-06-01,"Italy",NA,2000,6
2000-06-01,"Netherlands",59.899,2000,6
2000-06-01,"Spain",74.1769,2000,6
2000-07-01,"Belgium",73.1286,2000,7
2000-07-01,"Denmark",56.8448,2000,7
2000-07-01,"France",65.3396,2000,7
2000-07-01,"Greece",111.2373,2000,7
2000-07-01,"Ireland",73.2258,2000,7
2000-07-01,"Italy",NA,2000,7
2000-07-01,"Netherlands",61.2603,2000,7
2000-07-01,"Spain",77.9332,2000,7
2000-08-01,"Belgium",77.3428,2000,8
2000-08-01,"Denmark",56.8532,2000,8
2000-08-01,"France",70.1265,2000,8
2000-08-01,"Greece",111.0609,2000,8
2000-08-01,"Ireland",73.2258,2000,8
2000-08-01,"Italy",NA,2000,8
2000-08-01,"Netherlands",62.1679,2000,8
2000-08-01,"Spain",83.9133,2000,8
2000-09-01,"Belgium",75.3101,2000,9
2000-09-01,"Denmark",57.4859,2000,9
2000-09-01,"France",65.4769,2000,9
2000-09-01,"Greece",111.0798,2000,9
2000-09-01,"Ireland",73.2258,2000,9
2000-09-01,"Italy",NA,2000,9
2000-09-01,"Netherlands",63.0755,2000,9
2000-09-01,"Spain",100.0745,2000,9
2000-10-01,"Belgium",75.3101,2000,10
2000-10-01,"Denmark",58.2769,2000,10
2000-10-01,"France",65.7818,2000,10
2000-10-01,"Greece",113.1372,2000,10
2000-10-01,"Ireland",73.2258,2000,10
2000-10-01,"Italy",NA,2000,10
2000-10-01,"Netherlands",63.5292,2000,10
2000-10-01,"Spain",99.1069,2000,10
2000-11-01,"Belgium",76.847,2000,11
2000-11-01,"Denmark",58.8756,2000,11
2000-11-01,"France",65.8275,2000,11
2000-11-01,"Greece",114.0192,2000,11
2000-11-01,"Ireland",73.2258,2000,11
2000-11-01,"Italy",NA,2000,11
2000-11-01,"Netherlands",64.4368,2000,11
2000-11-01,"Spain",79.55,2000,11
2000-12-01,"Belgium",81.5074,2000,12
2000-12-01,"Denmark",58.863,2000,12
2000-12-01,"France",67.2758,2000,12
2000-12-01,"Greece",120.1118,2000,12
2000-12-01,"Ireland",73.2258,2000,12
2000-12-01,"Italy",NA,2000,12
2000-12-01,"Netherlands",65.7981,2000,12
2000-12-01,"Spain",101.1143,2000,12
2001-01-01,"Belgium",80.8133,2001,1
2001-01-01,"Denmark",59.4839,2001,1
2001-01-01,"France",69.26,2001,1
2001-01-01,"Greece",122.3859,2001,1
2001-01-01,"Ireland",73.2258,2001,1
2001-01-01,"Italy",NA,2001,1
2001-01-01,"Netherlands",67.6405,2001,1
2001-01-01,"Spain",101.8535,2001,1
2001-02-01,"Belgium",94.8193,2001,2
2001-02-01,"Denmark",59.7615,2001,2
2001-02-01,"France",69.94,2001,2
2001-02-01,"Greece",124.1937,2001,2
2001-02-01,"Ireland",73.2258,2001,2
2001-02-01,"Italy",NA,2001,2
2001-02-01,"Netherlands",70.2089,2001,2
2001-02-01,"Spain",111.037,2001,2
2001-03-01,"Belgium",91.4231,2001,3
2001-03-01,"Denmark",61.4927,2001,3
2001-03-01,"France",70.16,2001,3
2001-03-01,"Greece",124.5752,2001,3
2001-03-01,"Ireland",74.6987,2001,3
2001-03-01,"Italy",NA,2001,3
2001-03-01,"Netherlands",71.9196,2001,3
2001-03-01,"Spain",114.0721,2001,3
2001-04-01,"Belgium",86.4653,2001,4
2001-04-01,"Denmark",62.8408,2001,4
2001-04-01,"France",70.36,2001,4
2001-04-01,"Greece",124.3962,2001,4
2001-04-01,"Ireland",74.6987,2001,4
2001-04-01,"Italy",NA,2001,4
2001-04-01,"Netherlands",73.2038,2001,4
2001-04-01,"Spain",100.2789,2001,4
2001-05-01,"Belgium",76.847,2001,5
2001-05-01,"Denmark",63.2606,2001,5
2001-05-01,"France",70.49,2001,5
2001-05-01,"Greece",124.5752,2001,5
2001-05-01,"Ireland",76.1462,2001,5
2001-05-01,"Italy",NA,2001,5
2001-05-01,"Netherlands",73.6304,2001,5
2001-05-01,"Spain",90.1278,2001,5
2001-06-01,"Belgium",86.143,2001,6
2001-06-01,"Denmark",63.5909,2001,6
2001-06-01,"France",70.88,2001,6
2001-06-01,"Greece",124.5547,2001,6
2001-06-01,"Ireland",76.1462,2001,6
2001-06-01,"Italy",NA,2001,6
2001-06-01,"Netherlands",74.488,2001,6
2001-06-01,"Spain",91.2877,2001,6
2001-07-01,"Belgium",81.8049,2001,7
2001-07-01,"Denmark",63.6695,2001,7
2001-07-01,"France",71.19,2001,7
2001-07-01,"Greece",125.931,2001,7
2001-07-01,"Ireland",76.1462,2001,7
2001-07-01,"Italy",NA,2001,7
2001-07-01,"Netherlands",74.0615,2001,7
2001-07-01,"Spain",100.8438,2001,7
2001-08-01,"Belgium",89.2417,2001,8
2001-08-01,"Denmark",64.0698,2001,8
2001-08-01,"France",71.68,2001,8
2001-08-01,"Greece",125.5759,2001,8
2001-08-01,"Ireland",75.8542,2001,8
2001-08-01,"Italy",NA,2001,8
2001-08-01,"Netherlands",74.488,2001,8
2001-08-01,"Spain",106.7518,2001,8
2001-09-01,"Belgium",80.2679,2001,9
2001-09-01,"Denmark",66.3862,2001,9
2001-09-01,"France",72.56,2001,9
2001-09-01,"Greece",125.6376,2001,9
2001-09-01,"Ireland",75.8542,2001,9
2001-09-01,"Italy",NA,2001,9
2001-09-01,"Netherlands",74.0615,2001,9
2001-09-01,"Spain",95.8975,2001,9
2001-10-01,"Belgium",63.7086,2001,10
2001-10-01,"Denmark",66.4273,2001,10
2001-10-01,"France",71.7,2001,10
2001-10-01,"Greece",123.1959,2001,10
2001-10-01,"Ireland",75.86,2001,10
2001-10-01,"Italy",NA,2001,10
2001-10-01,"Netherlands",72.7773,2001,10
2001-10-01,"Spain",76.7733,2001,10
2001-11-01,"Belgium",59.197,2001,11
2001-11-01,"Denmark",66.2172,2001,11
2001-11-01,"France",70.82,2001,11
2001-11-01,"Greece",122.964,2001,11
2001-11-01,"Ireland",75.86,2001,11
2001-11-01,"Italy",NA,2001,11
2001-11-01,"Netherlands",72.3462,2001,11
2001-11-01,"Spain",82.5009,2001,11
2001-12-01,"Belgium",46.8023,2001,12
2001-12-01,"Denmark",65.0267,2001,12
2001-12-01,"France",71.14,2001,12
2001-12-01,"Greece",122.427,2001,12
2001-12-01,"Ireland",75.86,2001,12
2001-12-01,"Italy",NA,2001,12
2001-12-01,"Netherlands",70.2089,2001,12
2001-12-01,"Spain",73.1131,2001,12
2002-01-01,"Belgium",61,2002,1
2002-01-01,"Denmark",64.4432,2002,1
2002-01-01,"France",70.28,2002,1
2002-01-01,"Greece",122.0872,2002,1
2002-01-01,"Ireland",75.87,2002,1
2002-01-01,"Italy",NA,2002,1
2002-01-01,"Netherlands",66.98,2002,1
2002-01-01,"Spain",62.41,2002,1
2002-02-01,"Belgium",69.5,2002,2
2002-02-01,"Denmark",63.1233,2002,2
2002-02-01,"France",70.43,2002,2
2002-02-01,"Greece",122.0669,2002,2
2002-02-01,"Ireland",76.53,2002,2
2002-02-01,"Italy",NA,2002,2
2002-02-01,"Netherlands",65.09,2002,2
2002-02-01,"Spain",63.32,2002,2
2002-03-01,"Belgium",68.75,2002,3
2002-03-01,"Denmark",62.4294,2002,3
2002-03-01,"France",69.67,2002,3
2002-03-01,"Greece",122.583,2002,3
2002-03-01,"Ireland",75.85,2002,3
2002-03-01,"Italy",NA,2002,3
2002-03-01,"Netherlands",64.15,2002,3
2002-03-01,"Spain",78.28,2002,3
2002-04-01,"Belgium",59.25,2002,4
2002-04-01,"Denmark",61.608,2002,4
2002-04-01,"France",68.3,2002,4
2002-04-01,"Greece",121.3163,2002,4
2002-04-01,"Ireland",76.52,2002,4
2002-04-01,"Italy",NA,2002,4
2002-04-01,"Netherlands",62.74,2002,4
2002-04-01,"Spain",84.64,2002,4
2002-05-01,"Belgium",59.2,2002,5
2002-05-01,"Denmark",61.0576,2002,5
2002-05-01,"France",67.94,2002,5
2002-05-01,"Greece",118.3266,2002,5
2002-05-01,"Ireland",76.52,2002,5
2002-05-01,"Italy",NA,2002,5
2002-05-01,"Netherlands",62.26,2002,5
2002-05-01,"Spain",81.18,2002,5
2002-06-01,"Belgium",72.2,2002,6
2002-06-01,"Denmark",61.079,2002,6
2002-06-01,"France",67.82,2002,6
2002-06-01,"Greece",117.0463,2002,6
2002-06-01,"Ireland",75.85,2002,6
2002-06-01,"Italy",NA,2002,6
2002-06-01,"Netherlands",62.74,2002,6
2002-06-01,"Spain",67.42,2002,6
2002-07-01,"Belgium",72.2,2002,7
2002-07-01,"Denmark",60.4299,2002,7
2002-07-01,"France",67.8,2002,7
2002-07-01,"Greece",113.6707,2002,7
2002-07-01,"Ireland",75.85,2002,7
2002-07-01,"Italy",NA,2002,7
2002-07-01,"Netherlands",63.21,2002,7
2002-07-01,"Spain",73.97,2002,7
2002-08-01,"Belgium",71.75,2002,8
2002-08-01,"Denmark",58.3008,2002,8
2002-08-01,"France",66.81,2002,8
2002-08-01,"Greece",112.9954,2002,8
2002-08-01,"Ireland",75.85,2002,8
2002-08-01,"Italy",NA,2002,8
2002-08-01,"Netherlands",63.68,2002,8
2002-08-01,"Spain",74.95,2002,8
2002-09-01,"Belgium",79,2002,9
2002-09-01,"Denmark",57.0882,2002,9
2002-09-01,"France",66.76,2002,9
2002-09-01,"Greece",111.9994,2002,9
2002-09-01,"Ireland",75.77,2002,9
2002-09-01,"Italy",NA,2002,9
2002-09-01,"Netherlands",63.68,2002,9
2002-09-01,"Spain",89.51,2002,9
2002-10-01,"Belgium",67.6,2002,10
2002-10-01,"Denmark",57.0683,2002,10
2002-10-01,"France",66.76,2002,10
2002-10-01,"Greece",111.5766,2002,10
2002-10-01,"Ireland",75.85,2002,10
2002-10-01,"Italy",NA,2002,10
2002-10-01,"Netherlands",62.74,2002,10
2002-10-01,"Spain",82.64,2002,10
2002-11-01,"Belgium",58.5,2002,11
2002-11-01,"Denmark",57.0813,2002,11
2002-11-01,"France",66.9,2002,11
2002-11-01,"Greece",112.3458,2002,11
2002-11-01,"Ireland",75.85,2002,11
2002-11-01,"Italy",NA,2002,11
2002-11-01,"Netherlands",62.26,2002,11
2002-11-01,"Spain",69.2,2002,11
2002-12-01,"Belgium",52,2002,12
2002-12-01,"Denmark",57.0936,2002,12
2002-12-01,"France",66.64,2002,12
2002-12-01,"Greece",112.136,2002,12
2002-12-01,"Ireland",75.85,2002,12
2002-12-01,"Italy",NA,2002,12
2002-12-01,"Netherlands",61.79,2002,12
2002-12-01,"Spain",62.27,2002,12
2003-01-01,"Belgium",63.25,2003,1
2003-01-01,"Denmark",57.0475,2003,1
2003-01-01,"France",66.21,2003,1
2003-01-01,"Greece",111.124,2003,1
2003-01-01,"Ireland",75.85,2003,1
2003-01-01,"Italy",NA,2003,1
2003-01-01,"Netherlands",61.79,2003,1
2003-01-01,"Spain",74.86,2003,1
2003-02-01,"Belgium",66.5,2003,2
2003-02-01,"Denmark",57.0529,2003,2
2003-02-01,"France",65.98,2003,2
2003-02-01,"Greece",110.9529,2003,2
2003-02-01,"Ireland",75.85,2003,2
2003-02-01,"Italy",NA,2003,2
2003-02-01,"Netherlands",60.85,2003,2
2003-02-01,"Spain",67.02,2003,2
2003-03-01,"Belgium",81,2003,3
2003-03-01,"Denmark",57.0859,2003,3
2003-03-01,"France",65.79,2003,3
2003-03-01,"Greece",112.165,2003,3
2003-03-01,"Ireland",75.85,2003,3
2003-03-01,"Italy",NA,2003,3
2003-03-01,"Netherlands",61.79,2003,3
2003-03-01,"Spain",80.57,2003,3
2003-04-01,"Belgium",75.4,2003,4
2003-04-01,"Denmark",57.1005,2003,4
2003-04-01,"France",66.4,2003,4
2003-04-01,"Greece",112.6684,2003,4
2003-04-01,"Ireland",75.85,2003,4
2003-04-01,"Italy",NA,2003,4
2003-04-01,"Netherlands",61.79,2003,4
2003-04-01,"Spain",70.32,2003,4
2003-05-01,"Belgium",87,2003,5
2003-05-01,"Denmark",57.1075,2003,5
2003-05-01,"France",66.29,2003,5
2003-05-01,"Greece",110.615,2003,5
2003-05-01,"Ireland",75.85,2003,5
2003-05-01,"Italy",NA,2003,5
2003-05-01,"Netherlands",61.79,2003,5
2003-05-01,"Spain",81.32,2003,5
2003-06-01,"Belgium",90,2003,6
2003-06-01,"Denmark",57.1044,2003,6
2003-06-01,"France",66.23,2003,6
2003-06-01,"Greece",110.6102,2003,6
2003-06-01,"Ireland",75.85,2003,6
2003-06-01,"Italy",NA,2003,6
2003-06-01,"Netherlands",62.26,2003,6
2003-06-01,"Spain",79.93,2003,6
2003-07-01,"Belgium",91.25,2003,7
2003-07-01,"Denmark",57.0414,2003,7
2003-07-01,"France",66.2,2003,7
2003-07-01,"Greece",112.5746,2003,7
2003-07-01,"Ireland",75.85,2003,7
2003-07-01,"Italy",NA,2003,7
2003-07-01,"Netherlands",65.09,2003,7
2003-07-01,"Spain",108.72,2003,7
2003-08-01,"Belgium",74.25,2003,8
2003-08-01,"Denmark",57.0491,2003,8
2003-08-01,"France",66.33,2003,8
2003-08-01,"Greece",111.9608,2003,8
2003-08-01,"Ireland",75.85,2003,8
2003-08-01,"Italy",NA,2003,8
2003-08-01,"Netherlands",66.04,2003,8
2003-08-01,"Spain",115.83,2003,8
2003-09-01,"Belgium",73.25,2003,9
2003-09-01,"Denmark",57.0867,2003,9
2003-09-01,"France",67.04,2003,9
2003-09-01,"Greece",116.86,2003,9
2003-09-01,"Ireland",76.73,2003,9
2003-09-01,"Italy",NA,2003,9
2003-09-01,"Netherlands",66.04,2003,9
2003-09-01,"Spain",114.15,2003,9
2003-10-01,"Belgium",60.6,2003,10
2003-10-01,"Denmark",57.0652,2003,10
2003-10-01,"France",67.77,2003,10
2003-10-01,"Greece",120.9752,2003,10
2003-10-01,"Ireland",76.73,2003,10
2003-10-01,"Italy",NA,2003,10
2003-10-01,"Netherlands",65.09,2003,10
2003-10-01,"Spain",76.66,2003,10
2003-11-01,"Belgium",64.5,2003,11
2003-11-01,"Denmark",57.6846,2003,11
2003-11-01,"France",68.36,2003,11
2003-11-01,"Greece",123.6207,2003,11
2003-11-01,"Ireland",76.73,2003,11
2003-11-01,"Italy",NA,2003,11
2003-11-01,"Netherlands",64.15,2003,11
2003-11-01,"Spain",70.76,2003,11
2003-12-01,"Belgium",62,2003,12
2003-12-01,"Denmark",57.6466,2003,12
2003-12-01,"France",68.97,2003,12
2003-12-01,"Greece",123.5574,2003,12
2003-12-01,"Ireland",82.17,2003,12
2003-12-01,"Italy",NA,2003,12
2003-12-01,"Netherlands",62.26,2003,12
2003-12-01,"Spain",62.95,2003,12
